Model,Accuracy,Precision,Recall,F1 Score
Logistic Regression,1.0,1.0,1.0,1.0
SVM,0.9666666666666667,0.9777777777777777,0.9666666666666667,0.9644444444444444
Random Forest,0.9666666666666667,0.9777777777777777,0.9666666666666667,0.9644444444444444
KNN,0.9333333333333333,0.9111111111111111,0.9333333333333333,0.9166666666666666
Decision Tree,0.7666666666666667,0.8222222222222222,0.7666666666666667,0.7477777777777777
